{
    "rmse": 0.684714094481894,
    "mae": 0.5246253443216636,
    "r2": 0.24666489993326024
}